{
  "camera_matrix": [
    [
      455.4471903449936,
      0.0,
      293.45084779216035
    ],
    [
      0.0,
      461.3823579104212,
      252.56127752122586
    ],
    [
      0.0,
      0.0,
      1.0
    ]
  ],
  "distortion_coefficients": [
    0.2613116809048777,
    -0.13550160772366276,
    0.04481072679743628,
    -0.023097601419271196,
    -0.08810186356211769
  ],
  "image_width": 640,
  "image_height": 480,
  "rms_error": 0.8004566925469377,
  "image_count": 20,
  "board": {
    "inner_corners": {
      "cols": 9,
      "rows": 6
    },
    "square_size_m": 0.02575
  }
}
